"CONTACT_ID","WEB_ID"
"1-POE9UCY","1721431852.1516385252"
"1-5WD64G","317773582.1518298346"
